,Dev_Ref
1043,013.094.G
1044,013.094.G
1045,013.094.C
1046,013.094.C
1047,013.094.B
1048,013.094.B
1049,013.094.A
1050,013.094.A
1051,013.094.F
1052,013.094.F
1053,013.094.E
1054,013.094.E
1521,041.050.G
1522,041.050.G
1523,041.050.C
1524,041.050.C
1525,041.050.B
1526,041.050.B
1527,041.050.A
1528,041.050.A
1529,041.050.F
1530,041.050.F
1531,041.050.E
1532,041.050.E
1944,041.138.A
1945,041.138.A
1946,041.138.B
1947,041.138.B
1948,041.138.C
1949,041.138.C
1951,041.138.E
1952,041.138.E
1953,041.138.F
1954,041.138.F
1955,041.138.G
1956,041.138.G
2424,055.116.A
2425,055.116.A
2426,055.116.B
2427,055.116.B
2428,055.116.C
2429,055.116.C
2431,055.116.E
2432,055.116.E
2433,055.116.F
2434,055.116.F
2435,055.116.G
2436,055.116.G
2708,055.149.E
2709,055.149.E
2710,055.149.E
2711,055.149.E
2712,055.149.E
2713,055.149.E
2978,055.061.E
2979,055.061.E
2980,055.061.E
2981,055.061.E
2982,055.061.E
2983,055.061.E
3174,055.072.A
3175,055.072.A
3176,055.072.B
3177,055.072.B
3178,055.072.C
3179,055.072.C
3181,055.072.E
3182,055.072.E
3183,055.072.F
3184,055.072.F
3185,055.072.G
3186,055.072.G
4105,069.160.A
4106,069.160.A
4107,069.160.B
4108,069.160.B
4109,069.160.C
4110,069.160.C
4112,069.160.E
4113,069.160.E
4114,069.160.F
4115,069.160.F
4116,069.160.G
4117,069.160.G
4315,069.028.A
4316,069.028.A
4317,069.028.B
4318,069.028.B
4319,069.028.C
4320,069.028.C
4322,069.028.E
4323,069.028.E
4324,069.028.F
4325,069.028.F
4326,069.028.G
4327,069.028.G
4525,069.094.A
4526,069.094.A
4527,069.094.B
4528,069.094.B
4529,069.094.C
4530,069.094.C
4532,069.094.E
4533,069.094.E
4534,069.094.F
4535,069.094.F
4536,069.094.G
4537,069.094.G
5526,111.149.E
5527,111.149.E
5528,111.149.E
5529,111.149.E
5530,111.149.E
5531,111.149.E
5796,111.061.E
5797,111.061.E
5798,111.061.E
5799,111.061.E
5800,111.061.E
5801,111.061.E
6224,125.094.A
6225,125.094.A
6226,125.094.B
6227,125.094.B
6228,125.094.C
6229,125.094.C
6231,125.094.E
6232,125.094.E
6233,125.094.F
6234,125.094.F
6235,125.094.G
6236,125.094.G
6937,083.105.E
6938,083.105.E
6939,083.105.E
6940,083.105.E
6941,083.105.E
6942,083.105.E
7133,083.116.A
7134,083.116.A
7135,083.116.B
7136,083.116.B
7137,083.116.C
7138,083.116.C
7140,083.116.E
7141,083.116.E
7142,083.116.F
7143,083.116.F
7144,083.116.G
7145,083.116.G
7341,083.072.A
7342,083.072.A
7343,083.072.B
7344,083.072.B
7345,083.072.C
7346,083.072.C
7348,083.072.E
7349,083.072.E
7350,083.072.F
7351,083.072.F
7352,083.072.G
7353,083.072.G
8230,097.138.A
8231,097.138.A
8232,097.138.B
8233,097.138.B
8234,097.138.C
8235,097.138.C
8237,097.138.E
8238,097.138.E
8239,097.138.F
8240,097.138.F
8241,097.138.G
8242,097.138.G
8438,097.050.A
8439,097.050.A
8440,097.050.B
8441,097.050.B
8442,097.050.C
8443,097.050.C
8445,097.050.E
8446,097.050.E
8447,097.050.F
8448,097.050.F
8449,097.050.G
8450,097.050.G
9240,013.094.A
9241,013.094.A
9242,013.094.B
9243,013.094.B
9244,013.094.C
9245,013.094.C
9247,013.094.E
9248,013.094.E
9249,013.094.F
9250,013.094.F
9251,013.094.G
9252,013.094.G
9718,041.138.A
9719,041.138.A
9720,041.138.B
9721,041.138.B
9722,041.138.C
9723,041.138.C
9725,041.138.E
9726,041.138.E
9727,041.138.F
9728,041.138.F
9729,041.138.G
9730,041.138.G
9928,041.050.A
9929,041.050.A
9930,041.050.B
9931,041.050.B
9932,041.050.C
9933,041.050.C
9935,041.050.E
9936,041.050.E
9937,041.050.F
9938,041.050.F
9939,041.050.G
9940,041.050.G
10674,055.116.A
10675,055.116.A
10676,055.116.B
10677,055.116.B
10678,055.116.C
10679,055.116.C
10681,055.116.E
10682,055.116.E
10683,055.116.F
10684,055.116.F
10685,055.116.G
10686,055.116.G
10986,055.149.E
10987,055.149.E
10988,055.149.E
10989,055.149.E
10990,055.149.E
10991,055.149.E
11284,055.061.E
11285,055.061.E
11286,055.061.E
11287,055.061.E
11288,055.061.E
11289,055.061.E
11480,055.072.A
11481,055.072.A
11482,055.072.B
11483,055.072.B
11484,055.072.C
11485,055.072.C
11487,055.072.E
11488,055.072.E
11489,055.072.F
11490,055.072.F
11491,055.072.G
11492,055.072.G
12570,111.149.E
12571,111.149.E
12572,111.149.E
12573,111.149.E
12574,111.149.E
12575,111.149.E
12868,111.061.E
12869,111.061.E
12870,111.061.E
12871,111.061.E
12872,111.061.E
12873,111.061.E
13296,125.094.A
13297,125.094.A
13298,125.094.B
13299,125.094.B
13300,125.094.C
13301,125.094.C
13303,125.094.E
13304,125.094.E
13305,125.094.F
13306,125.094.F
13307,125.094.G
13308,125.094.G
13801,069.160.A
13802,069.160.A
13803,069.160.B
13804,069.160.B
13805,069.160.C
13806,069.160.C
13808,069.160.E
13809,069.160.E
13810,069.160.F
13811,069.160.F
13812,069.160.G
13813,069.160.G
14007,069.028.A
14008,069.028.A
14009,069.028.B
14010,069.028.B
14011,069.028.C
14012,069.028.C
14014,069.028.E
14015,069.028.E
14016,069.028.F
14017,069.028.F
14018,069.028.G
14019,069.028.G
14211,069.094.A
14212,069.094.A
14213,069.094.B
14214,069.094.B
14215,069.094.C
14216,069.094.C
14218,069.094.E
14219,069.094.E
14220,069.094.F
14221,069.094.F
14222,069.094.G
14223,069.094.G
15327,083.105.E
15328,083.105.E
15329,083.105.E
15330,083.105.E
15331,083.105.E
15332,083.105.E
15523,083.116.A
15524,083.116.A
15525,083.116.B
15526,083.116.B
15527,083.116.C
15528,083.116.C
15530,083.116.E
15531,083.116.E
15532,083.116.F
15533,083.116.F
15534,083.116.G
15535,083.116.G
15731,083.072.A
15732,083.072.A
15733,083.072.B
15734,083.072.B
15735,083.072.C
15736,083.072.C
15738,083.072.E
15739,083.072.E
15740,083.072.F
15741,083.072.F
15742,083.072.G
15743,083.072.G
16591,097.138.A
16592,097.138.A
16593,097.138.B
16594,097.138.B
16595,097.138.C
16596,097.138.C
16598,097.138.E
16599,097.138.E
16600,097.138.F
16601,097.138.F
16602,097.138.G
16603,097.138.G
16799,097.050.A
16800,097.050.A
16801,097.050.B
16802,097.050.B
16803,097.050.C
16804,097.050.C
16806,097.050.E
16807,097.050.E
16808,097.050.F
16809,097.050.F
16810,097.050.G
16811,097.050.G
17601,013.094.A
17602,013.094.A
17603,013.094.B
17604,013.094.B
17605,013.094.C
17606,013.094.C
17608,013.094.E
17609,013.094.E
17610,013.094.F
17611,013.094.F
17612,013.094.G
17613,013.094.G
18079,041.138.A
18080,041.138.A
18081,041.138.B
18082,041.138.B
18083,041.138.C
18084,041.138.C
18086,041.138.E
18087,041.138.E
18088,041.138.F
18089,041.138.F
18090,041.138.G
18091,041.138.G
18289,041.050.A
18290,041.050.A
18291,041.050.B
18292,041.050.B
18293,041.050.C
18294,041.050.C
18296,041.050.E
18297,041.050.E
18298,041.050.F
18299,041.050.F
18300,041.050.G
18301,041.050.G
19035,055.116.A
19036,055.116.A
19037,055.116.B
19038,055.116.B
19039,055.116.C
19040,055.116.C
19042,055.116.E
19043,055.116.E
19044,055.116.F
19045,055.116.F
19046,055.116.G
19047,055.116.G
19347,055.149.E
19348,055.149.E
19349,055.149.E
19350,055.149.E
19351,055.149.E
19352,055.149.E
19645,055.061.E
19646,055.061.E
19647,055.061.E
19648,055.061.E
19649,055.061.E
19650,055.061.E
19841,055.072.A
19842,055.072.A
19843,055.072.B
19844,055.072.B
19845,055.072.C
19846,055.072.C
19848,055.072.E
19849,055.072.E
19850,055.072.F
19851,055.072.F
19852,055.072.G
19853,055.072.G
20947,111.149.E
20948,111.149.E
20949,111.149.E
20950,111.149.E
20951,111.149.E
20952,111.149.E
21245,111.061.E
21246,111.061.E
21247,111.061.E
21248,111.061.E
21249,111.061.E
21250,111.061.E
21673,125.094.A
21674,125.094.A
21675,125.094.B
21676,125.094.B
21677,125.094.C
21678,125.094.C
21680,125.094.E
21681,125.094.E
21682,125.094.F
21683,125.094.F
21684,125.094.G
21685,125.094.G
22178,069.160.A
22179,069.160.A
22180,069.160.B
22181,069.160.B
22182,069.160.C
22183,069.160.C
22185,069.160.E
22186,069.160.E
22187,069.160.F
22188,069.160.F
22189,069.160.G
22190,069.160.G
22370,069.028.A
22371,069.028.A
22372,069.028.B
22373,069.028.B
22374,069.028.C
22375,069.028.C
22377,069.028.E
22378,069.028.E
22379,069.028.F
22380,069.028.F
22381,069.028.G
22382,069.028.G
22574,069.094.A
22575,069.094.A
22576,069.094.B
22577,069.094.B
22578,069.094.C
22579,069.094.C
22581,069.094.E
22582,069.094.E
22583,069.094.F
22584,069.094.F
22585,069.094.G
22586,069.094.G
23688,083.105.E
23689,083.105.E
23690,083.105.E
23691,083.105.E
23692,083.105.E
23693,083.105.E
23884,083.116.A
23885,083.116.A
23886,083.116.B
23887,083.116.B
23888,083.116.C
23889,083.116.C
23891,083.116.E
23892,083.116.E
23893,083.116.F
23894,083.116.F
23895,083.116.G
23896,083.116.G
24092,083.072.A
24093,083.072.A
24094,083.072.B
24095,083.072.B
24096,083.072.C
24097,083.072.C
24099,083.072.E
24100,083.072.E
24101,083.072.F
24102,083.072.F
24103,083.072.G
24104,083.072.G
24952,097.138.A
24953,097.138.A
24954,097.138.B
24955,097.138.B
24956,097.138.C
24957,097.138.C
24959,097.138.E
24960,097.138.E
24961,097.138.F
24962,097.138.F
24963,097.138.G
24964,097.138.G
25160,097.050.A
25161,097.050.A
25162,097.050.B
25163,097.050.B
25164,097.050.C
25165,097.050.C
25167,097.050.E
25168,097.050.E
25169,097.050.F
25170,097.050.F
25171,097.050.G
25172,097.050.G
25962,013.094.A
25963,013.094.A
25964,013.094.B
25965,013.094.B
25966,013.094.C
25967,013.094.C
25969,013.094.E
25970,013.094.E
25971,013.094.F
25972,013.094.F
25973,013.094.G
25974,013.094.G
26440,041.138.A
26441,041.138.A
26442,041.138.B
26443,041.138.B
26444,041.138.C
26445,041.138.C
26447,041.138.E
26448,041.138.E
26449,041.138.F
26450,041.138.F
26451,041.138.G
26452,041.138.G
26650,041.050.A
26651,041.050.A
26652,041.050.B
26653,041.050.B
26654,041.050.C
26655,041.050.C
26657,041.050.E
26658,041.050.E
26659,041.050.F
26660,041.050.F
26661,041.050.G
26662,041.050.G
27396,055.116.A
27397,055.116.A
27398,055.116.B
27399,055.116.B
27400,055.116.C
27401,055.116.C
27403,055.116.E
27404,055.116.E
27405,055.116.F
27406,055.116.F
27407,055.116.G
27408,055.116.G
27708,055.149.E
27709,055.149.E
27710,055.149.E
27711,055.149.E
27712,055.149.E
27713,055.149.E
28006,055.061.E
28007,055.061.E
28008,055.061.E
28009,055.061.E
28010,055.061.E
28011,055.061.E
28202,055.072.A
28203,055.072.A
28204,055.072.B
28205,055.072.B
28206,055.072.C
28207,055.072.C
28209,055.072.E
28210,055.072.E
28211,055.072.F
28212,055.072.F
28213,055.072.G
28214,055.072.G
32557,111.149.E
32558,111.149.E
32559,111.149.E
32560,111.149.E
32561,111.149.E
32562,111.149.E
32855,111.061.E
32856,111.061.E
32857,111.061.E
32858,111.061.E
32859,111.061.E
32860,111.061.E
33283,125.094.A
33284,125.094.A
33285,125.094.B
33286,125.094.B
33287,125.094.C
33288,125.094.C
33290,125.094.E
33291,125.094.E
33292,125.094.F
33293,125.094.F
33294,125.094.G
33295,125.094.G
33788,069.160.A
33789,069.160.A
33790,069.160.B
33791,069.160.B
33792,069.160.C
33793,069.160.C
33795,069.160.E
33796,069.160.E
33797,069.160.F
33798,069.160.F
33799,069.160.G
33800,069.160.G
33980,069.028.A
33981,069.028.A
33982,069.028.B
33983,069.028.B
33984,069.028.C
33985,069.028.C
33987,069.028.E
33988,069.028.E
33989,069.028.F
33990,069.028.F
33991,069.028.G
33992,069.028.G
34184,069.094.A
34185,069.094.A
34186,069.094.B
34187,069.094.B
34188,069.094.C
34189,069.094.C
34191,069.094.E
34192,069.094.E
34193,069.094.F
34194,069.094.F
34195,069.094.G
34196,069.094.G
35286,083.105.E
35287,083.105.E
35288,083.105.E
35289,083.105.E
35290,083.105.E
35291,083.105.E
35482,083.116.A
35483,083.116.A
35484,083.116.B
35485,083.116.B
35486,083.116.C
35487,083.116.C
35489,083.116.E
35490,083.116.E
35491,083.116.F
35492,083.116.F
35493,083.116.G
35494,083.116.G
35690,083.072.A
35691,083.072.A
35692,083.072.B
35693,083.072.B
35694,083.072.C
35695,083.072.C
35697,083.072.E
35698,083.072.E
35699,083.072.F
35700,083.072.F
35701,083.072.G
35702,083.072.G
36550,097.138.A
36551,097.138.A
36552,097.138.B
36553,097.138.B
36554,097.138.C
36555,097.138.C
36557,097.138.E
36558,097.138.E
36559,097.138.F
36560,097.138.F
36561,097.138.G
36562,097.138.G
36758,097.050.A
36759,097.050.A
36760,097.050.B
36761,097.050.B
36762,097.050.C
36763,097.050.C
36765,097.050.E
36766,097.050.E
36767,097.050.F
36768,097.050.F
36769,097.050.G
36770,097.050.G
43795,013.094.G
43796,013.094.G
43797,013.094.C
43798,013.094.C
43799,013.094.B
43800,013.094.B
43801,013.094.A
43802,013.094.A
43803,013.094.F
43804,013.094.F
43805,013.094.E
43806,013.094.E
44273,041.050.G
44274,041.050.G
44275,041.050.C
44276,041.050.C
44277,041.050.B
44278,041.050.B
44279,041.050.A
44280,041.050.A
44281,041.050.F
44282,041.050.F
44283,041.050.E
44284,041.050.E
44696,041.138.A
44697,041.138.A
44698,041.138.B
44699,041.138.B
44700,041.138.C
44701,041.138.C
44703,041.138.E
44704,041.138.E
44705,041.138.F
44706,041.138.F
44707,041.138.G
44708,041.138.G
45176,055.116.A
45177,055.116.A
45178,055.116.B
45179,055.116.B
45180,055.116.C
45181,055.116.C
45183,055.116.E
45184,055.116.E
45185,055.116.F
45186,055.116.F
45187,055.116.G
45188,055.116.G
45460,055.149.E
45461,055.149.E
45462,055.149.E
45463,055.149.E
45464,055.149.E
45465,055.149.E
45730,055.061.E
45731,055.061.E
45732,055.061.E
45733,055.061.E
45734,055.061.E
45735,055.061.E
45926,055.072.A
45927,055.072.A
45928,055.072.B
45929,055.072.B
45930,055.072.C
45931,055.072.C
45933,055.072.E
45934,055.072.E
45935,055.072.F
45936,055.072.F
45937,055.072.G
45938,055.072.G
46857,069.160.A
46858,069.160.A
46859,069.160.B
46860,069.160.B
46861,069.160.C
46862,069.160.C
46864,069.160.E
46865,069.160.E
46866,069.160.F
46867,069.160.F
46868,069.160.G
46869,069.160.G
47067,069.028.A
47068,069.028.A
47069,069.028.B
47070,069.028.B
47071,069.028.C
47072,069.028.C
47074,069.028.E
47075,069.028.E
47076,069.028.F
47077,069.028.F
47078,069.028.G
47079,069.028.G
47277,069.094.A
47278,069.094.A
47279,069.094.B
47280,069.094.B
47281,069.094.C
47282,069.094.C
47284,069.094.E
47285,069.094.E
47286,069.094.F
47287,069.094.F
47288,069.094.G
47289,069.094.G
48278,111.149.E
48279,111.149.E
48280,111.149.E
48281,111.149.E
48282,111.149.E
48283,111.149.E
48548,111.061.E
48549,111.061.E
48550,111.061.E
48551,111.061.E
48552,111.061.E
48553,111.061.E
48976,125.094.A
48977,125.094.A
48978,125.094.B
48979,125.094.B
48980,125.094.C
48981,125.094.C
48983,125.094.E
48984,125.094.E
48985,125.094.F
48986,125.094.F
48987,125.094.G
48988,125.094.G
49689,083.105.E
49690,083.105.E
49691,083.105.E
49692,083.105.E
49693,083.105.E
49694,083.105.E
49885,083.116.A
49886,083.116.A
49887,083.116.B
49888,083.116.B
49889,083.116.C
49890,083.116.C
49892,083.116.E
49893,083.116.E
49894,083.116.F
49895,083.116.F
49896,083.116.G
49897,083.116.G
50093,083.072.A
50094,083.072.A
50095,083.072.B
50096,083.072.B
50097,083.072.C
50098,083.072.C
50100,083.072.E
50101,083.072.E
50102,083.072.F
50103,083.072.F
50104,083.072.G
50105,083.072.G
50982,097.138.A
50983,097.138.A
50984,097.138.B
50985,097.138.B
50986,097.138.C
50987,097.138.C
50989,097.138.E
50990,097.138.E
50991,097.138.F
50992,097.138.F
50993,097.138.G
50994,097.138.G
51190,097.050.A
51191,097.050.A
51192,097.050.B
51193,097.050.B
51194,097.050.C
51195,097.050.C
51197,097.050.E
51198,097.050.E
51199,097.050.F
51200,097.050.F
51201,097.050.G
51202,097.050.G
51992,013.094.A
51993,013.094.A
51994,013.094.B
51995,013.094.B
51996,013.094.C
51997,013.094.C
51999,013.094.E
52000,013.094.E
52001,013.094.F
52002,013.094.F
52003,013.094.G
52004,013.094.G
52470,041.138.A
52471,041.138.A
52472,041.138.B
52473,041.138.B
52474,041.138.C
52475,041.138.C
52477,041.138.E
52478,041.138.E
52479,041.138.F
52480,041.138.F
52481,041.138.G
52482,041.138.G
52680,041.050.A
52681,041.050.A
52682,041.050.B
52683,041.050.B
52684,041.050.C
52685,041.050.C
52687,041.050.E
52688,041.050.E
52689,041.050.F
52690,041.050.F
52691,041.050.G
52692,041.050.G
53426,055.116.A
53427,055.116.A
53428,055.116.B
53429,055.116.B
53430,055.116.C
53431,055.116.C
53433,055.116.E
53434,055.116.E
53435,055.116.F
53436,055.116.F
53437,055.116.G
53438,055.116.G
53738,055.149.E
53739,055.149.E
53740,055.149.E
53741,055.149.E
53742,055.149.E
53743,055.149.E
54036,055.061.E
54037,055.061.E
54038,055.061.E
54039,055.061.E
54040,055.061.E
54041,055.061.E
54232,055.072.A
54233,055.072.A
54234,055.072.B
54235,055.072.B
54236,055.072.C
54237,055.072.C
54239,055.072.E
54240,055.072.E
54241,055.072.F
54242,055.072.F
54243,055.072.G
54244,055.072.G
55322,111.149.E
55323,111.149.E
55324,111.149.E
55325,111.149.E
55326,111.149.E
55327,111.149.E
55620,111.061.E
55621,111.061.E
55622,111.061.E
55623,111.061.E
55624,111.061.E
55625,111.061.E
56048,125.094.A
56049,125.094.A
56050,125.094.B
56051,125.094.B
56052,125.094.C
56053,125.094.C
56055,125.094.E
56056,125.094.E
56057,125.094.F
56058,125.094.F
56059,125.094.G
56060,125.094.G
56553,069.160.A
56554,069.160.A
56555,069.160.B
56556,069.160.B
56557,069.160.C
56558,069.160.C
56560,069.160.E
56561,069.160.E
56562,069.160.F
56563,069.160.F
56564,069.160.G
56565,069.160.G
56759,069.028.A
56760,069.028.A
56761,069.028.B
56762,069.028.B
56763,069.028.C
56764,069.028.C
56766,069.028.E
56767,069.028.E
56768,069.028.F
56769,069.028.F
56770,069.028.G
56771,069.028.G
56963,069.094.A
56964,069.094.A
56965,069.094.B
56966,069.094.B
56967,069.094.C
56968,069.094.C
56970,069.094.E
56971,069.094.E
56972,069.094.F
56973,069.094.F
56974,069.094.G
56975,069.094.G
58079,083.105.E
58080,083.105.E
58081,083.105.E
58082,083.105.E
58083,083.105.E
58084,083.105.E
58275,083.116.A
58276,083.116.A
58277,083.116.B
58278,083.116.B
58279,083.116.C
58280,083.116.C
58282,083.116.E
58283,083.116.E
58284,083.116.F
58285,083.116.F
58286,083.116.G
58287,083.116.G
58483,083.072.A
58484,083.072.A
58485,083.072.B
58486,083.072.B
58487,083.072.C
58488,083.072.C
58490,083.072.E
58491,083.072.E
58492,083.072.F
58493,083.072.F
58494,083.072.G
58495,083.072.G
59343,097.138.A
59344,097.138.A
59345,097.138.B
59346,097.138.B
59347,097.138.C
59348,097.138.C
59350,097.138.E
59351,097.138.E
59352,097.138.F
59353,097.138.F
59354,097.138.G
59355,097.138.G
59551,097.050.A
59552,097.050.A
59553,097.050.B
59554,097.050.B
59555,097.050.C
59556,097.050.C
59558,097.050.E
59559,097.050.E
59560,097.050.F
59561,097.050.F
59562,097.050.G
59563,097.050.G
60353,013.094.A
60354,013.094.A
60355,013.094.B
60356,013.094.B
60357,013.094.C
60358,013.094.C
60360,013.094.E
60361,013.094.E
60362,013.094.F
60363,013.094.F
60364,013.094.G
60365,013.094.G
60831,041.138.A
60832,041.138.A
60833,041.138.B
60834,041.138.B
60835,041.138.C
60836,041.138.C
60838,041.138.E
60839,041.138.E
60840,041.138.F
60841,041.138.F
60842,041.138.G
60843,041.138.G
61041,041.050.A
61042,041.050.A
61043,041.050.B
61044,041.050.B
61045,041.050.C
61046,041.050.C
61048,041.050.E
61049,041.050.E
61050,041.050.F
61051,041.050.F
61052,041.050.G
61053,041.050.G
61787,055.116.A
61788,055.116.A
61789,055.116.B
61790,055.116.B
61791,055.116.C
61792,055.116.C
61794,055.116.E
61795,055.116.E
61796,055.116.F
61797,055.116.F
61798,055.116.G
61799,055.116.G
62099,055.149.E
62100,055.149.E
62101,055.149.E
62102,055.149.E
62103,055.149.E
62104,055.149.E
62397,055.061.E
62398,055.061.E
62399,055.061.E
62400,055.061.E
62401,055.061.E
62402,055.061.E
62593,055.072.A
62594,055.072.A
62595,055.072.B
62596,055.072.B
62597,055.072.C
62598,055.072.C
62600,055.072.E
62601,055.072.E
62602,055.072.F
62603,055.072.F
62604,055.072.G
62605,055.072.G
63699,111.149.E
63700,111.149.E
63701,111.149.E
63702,111.149.E
63703,111.149.E
63704,111.149.E
63997,111.061.E
63998,111.061.E
63999,111.061.E
64000,111.061.E
64001,111.061.E
64002,111.061.E
64425,125.094.A
64426,125.094.A
64427,125.094.B
64428,125.094.B
64429,125.094.C
64430,125.094.C
64432,125.094.E
64433,125.094.E
64434,125.094.F
64435,125.094.F
64436,125.094.G
64437,125.094.G
64930,069.160.A
64931,069.160.A
64932,069.160.B
64933,069.160.B
64934,069.160.C
64935,069.160.C
64937,069.160.E
64938,069.160.E
64939,069.160.F
64940,069.160.F
64941,069.160.G
64942,069.160.G
65122,069.028.A
65123,069.028.A
65124,069.028.B
65125,069.028.B
65126,069.028.C
65127,069.028.C
65129,069.028.E
65130,069.028.E
65131,069.028.F
65132,069.028.F
65133,069.028.G
65134,069.028.G
65326,069.094.A
65327,069.094.A
65328,069.094.B
65329,069.094.B
65330,069.094.C
65331,069.094.C
65333,069.094.E
65334,069.094.E
65335,069.094.F
65336,069.094.F
65337,069.094.G
65338,069.094.G
66440,083.105.E
66441,083.105.E
66442,083.105.E
66443,083.105.E
66444,083.105.E
66445,083.105.E
66636,083.116.A
66637,083.116.A
66638,083.116.B
66639,083.116.B
66640,083.116.C
66641,083.116.C
66643,083.116.E
66644,083.116.E
66645,083.116.F
66646,083.116.F
66647,083.116.G
66648,083.116.G
66844,083.072.A
66845,083.072.A
66846,083.072.B
66847,083.072.B
66848,083.072.C
66849,083.072.C
66851,083.072.E
66852,083.072.E
66853,083.072.F
66854,083.072.F
66855,083.072.G
66856,083.072.G
67704,097.138.A
67705,097.138.A
67706,097.138.B
67707,097.138.B
67708,097.138.C
67709,097.138.C
67711,097.138.E
67712,097.138.E
67713,097.138.F
67714,097.138.F
67715,097.138.G
67716,097.138.G
67912,097.050.A
67913,097.050.A
67914,097.050.B
67915,097.050.B
67916,097.050.C
67917,097.050.C
67919,097.050.E
67920,097.050.E
67921,097.050.F
67922,097.050.F
67923,097.050.G
67924,097.050.G
68714,013.094.A
68715,013.094.A
68716,013.094.B
68717,013.094.B
68718,013.094.C
68719,013.094.C
68721,013.094.E
68722,013.094.E
68723,013.094.F
68724,013.094.F
68725,013.094.G
68726,013.094.G
69192,041.138.A
69193,041.138.A
69194,041.138.B
69195,041.138.B
69196,041.138.C
69197,041.138.C
69199,041.138.E
69200,041.138.E
69201,041.138.F
69202,041.138.F
69203,041.138.G
69204,041.138.G
69402,041.050.A
69403,041.050.A
69404,041.050.B
69405,041.050.B
69406,041.050.C
69407,041.050.C
69409,041.050.E
69410,041.050.E
69411,041.050.F
69412,041.050.F
69413,041.050.G
69414,041.050.G
70148,055.116.A
70149,055.116.A
70150,055.116.B
70151,055.116.B
70152,055.116.C
70153,055.116.C
70155,055.116.E
70156,055.116.E
70157,055.116.F
70158,055.116.F
70159,055.116.G
70160,055.116.G
70460,055.149.E
70461,055.149.E
70462,055.149.E
70463,055.149.E
70464,055.149.E
70465,055.149.E
70758,055.061.E
70759,055.061.E
70760,055.061.E
70761,055.061.E
70762,055.061.E
70763,055.061.E
70954,055.072.A
70955,055.072.A
70956,055.072.B
70957,055.072.B
70958,055.072.C
70959,055.072.C
70961,055.072.E
70962,055.072.E
70963,055.072.F
70964,055.072.F
70965,055.072.G
70966,055.072.G
75309,111.149.E
75310,111.149.E
75311,111.149.E
75312,111.149.E
75313,111.149.E
75314,111.149.E
75607,111.061.E
75608,111.061.E
75609,111.061.E
75610,111.061.E
75611,111.061.E
75612,111.061.E
76035,125.094.A
76036,125.094.A
76037,125.094.B
76038,125.094.B
76039,125.094.C
76040,125.094.C
76042,125.094.E
76043,125.094.E
76044,125.094.F
76045,125.094.F
76046,125.094.G
76047,125.094.G
76540,069.160.A
76541,069.160.A
76542,069.160.B
76543,069.160.B
76544,069.160.C
76545,069.160.C
76547,069.160.E
76548,069.160.E
76549,069.160.F
76550,069.160.F
76551,069.160.G
76552,069.160.G
76732,069.028.A
76733,069.028.A
76734,069.028.B
76735,069.028.B
76736,069.028.C
76737,069.028.C
76739,069.028.E
76740,069.028.E
76741,069.028.F
76742,069.028.F
76743,069.028.G
76744,069.028.G
76936,069.094.A
76937,069.094.A
76938,069.094.B
76939,069.094.B
76940,069.094.C
76941,069.094.C
76943,069.094.E
76944,069.094.E
76945,069.094.F
76946,069.094.F
76947,069.094.G
76948,069.094.G
78038,083.105.E
78039,083.105.E
78040,083.105.E
78041,083.105.E
78042,083.105.E
78043,083.105.E
78234,083.116.A
78235,083.116.A
78236,083.116.B
78237,083.116.B
78238,083.116.C
78239,083.116.C
78241,083.116.E
78242,083.116.E
78243,083.116.F
78244,083.116.F
78245,083.116.G
78246,083.116.G
78442,083.072.A
78443,083.072.A
78444,083.072.B
78445,083.072.B
78446,083.072.C
78447,083.072.C
78449,083.072.E
78450,083.072.E
78451,083.072.F
78452,083.072.F
78453,083.072.G
78454,083.072.G
79302,097.138.A
79303,097.138.A
79304,097.138.B
79305,097.138.B
79306,097.138.C
79307,097.138.C
79309,097.138.E
79310,097.138.E
79311,097.138.F
79312,097.138.F
79313,097.138.G
79314,097.138.G
79510,097.050.A
79511,097.050.A
79512,097.050.B
79513,097.050.B
79514,097.050.C
79515,097.050.C
79517,097.050.E
79518,097.050.E
79519,097.050.F
79520,097.050.F
79521,097.050.G
79522,097.050.G
86547,013.094.G
86548,013.094.G
86549,013.094.C
86550,013.094.C
86551,013.094.B
86552,013.094.B
86553,013.094.A
86554,013.094.A
86555,013.094.F
86556,013.094.F
86557,013.094.E
86558,013.094.E
87025,041.050.G
87026,041.050.G
87027,041.050.C
87028,041.050.C
87029,041.050.B
87030,041.050.B
87031,041.050.A
87032,041.050.A
87033,041.050.F
87034,041.050.F
87035,041.050.E
87036,041.050.E
87448,041.138.A
87449,041.138.A
87450,041.138.B
87451,041.138.B
87452,041.138.C
87453,041.138.C
87455,041.138.E
87456,041.138.E
87457,041.138.F
87458,041.138.F
87459,041.138.G
87460,041.138.G
87928,055.116.A
87929,055.116.A
87930,055.116.B
87931,055.116.B
87932,055.116.C
87933,055.116.C
87935,055.116.E
87936,055.116.E
87937,055.116.F
87938,055.116.F
87939,055.116.G
87940,055.116.G
88240,055.149.E
88241,055.149.E
88242,055.149.E
88243,055.149.E
88244,055.149.E
88245,055.149.E
88538,055.061.E
88539,055.061.E
88540,055.061.E
88541,055.061.E
88542,055.061.E
88543,055.061.E
88734,055.072.A
88735,055.072.A
88736,055.072.B
88737,055.072.B
88738,055.072.C
88739,055.072.C
88741,055.072.E
88742,055.072.E
88743,055.072.F
88744,055.072.F
88745,055.072.G
88746,055.072.G
89609,069.160.A
89610,069.160.A
89611,069.160.B
89612,069.160.B
89613,069.160.C
89614,069.160.C
89616,069.160.E
89617,069.160.E
89618,069.160.F
89619,069.160.F
89620,069.160.G
89621,069.160.G
89819,069.028.A
89820,069.028.A
89821,069.028.B
89822,069.028.B
89823,069.028.C
89824,069.028.C
89826,069.028.E
89827,069.028.E
89828,069.028.F
89829,069.028.F
89830,069.028.G
89831,069.028.G
90029,069.094.A
90030,069.094.A
90031,069.094.B
90032,069.094.B
90033,069.094.C
90034,069.094.C
90036,069.094.E
90037,069.094.E
90038,069.094.F
90039,069.094.F
90040,069.094.G
90041,069.094.G
91058,111.149.E
91059,111.149.E
91060,111.149.E
91061,111.149.E
91062,111.149.E
91063,111.149.E
91356,111.061.E
91357,111.061.E
91358,111.061.E
91359,111.061.E
91360,111.061.E
91361,111.061.E
91784,125.094.A
91785,125.094.A
91786,125.094.B
91787,125.094.B
91788,125.094.C
91789,125.094.C
91791,125.094.E
91792,125.094.E
91793,125.094.F
91794,125.094.F
91795,125.094.G
91796,125.094.G
92581,083.105.E
92582,083.105.E
92583,083.105.E
92584,083.105.E
92585,083.105.E
92586,083.105.E
92777,083.116.A
92778,083.116.A
92779,083.116.B
92780,083.116.B
92781,083.116.C
92782,083.116.C
92784,083.116.E
92785,083.116.E
92786,083.116.F
92787,083.116.F
92788,083.116.G
92789,083.116.G
92985,083.072.A
92986,083.072.A
92987,083.072.B
92988,083.072.B
92989,083.072.C
92990,083.072.C
92992,083.072.E
92993,083.072.E
92994,083.072.F
92995,083.072.F
92996,083.072.G
92997,083.072.G
93874,097.138.A
93875,097.138.A
93876,097.138.B
93877,097.138.B
93878,097.138.C
93879,097.138.C
93881,097.138.E
93882,097.138.E
93883,097.138.F
93884,097.138.F
93885,097.138.G
93886,097.138.G
94082,097.050.A
94083,097.050.A
94084,097.050.B
94085,097.050.B
94086,097.050.C
94087,097.050.C
94089,097.050.E
94090,097.050.E
94091,097.050.F
94092,097.050.F
94093,097.050.G
94094,097.050.G
94884,013.094.A
94885,013.094.A
94886,013.094.B
94887,013.094.B
94888,013.094.C
94889,013.094.C
94891,013.094.E
94892,013.094.E
94893,013.094.F
94894,013.094.F
94895,013.094.G
94896,013.094.G
95362,041.138.A
95363,041.138.A
95364,041.138.B
95365,041.138.B
95366,041.138.C
95367,041.138.C
95369,041.138.E
95370,041.138.E
95371,041.138.F
95372,041.138.F
95373,041.138.G
95374,041.138.G
95572,041.050.A
95573,041.050.A
95574,041.050.B
95575,041.050.B
95576,041.050.C
95577,041.050.C
95579,041.050.E
95580,041.050.E
95581,041.050.F
95582,041.050.F
95583,041.050.G
95584,041.050.G
96318,055.116.A
96319,055.116.A
96320,055.116.B
96321,055.116.B
96322,055.116.C
96323,055.116.C
96325,055.116.E
96326,055.116.E
96327,055.116.F
96328,055.116.F
96329,055.116.G
96330,055.116.G
96616,055.149.E
96617,055.149.E
96618,055.149.E
96619,055.149.E
96620,055.149.E
96621,055.149.E
96914,055.061.E
96915,055.061.E
96916,055.061.E
96917,055.061.E
96918,055.061.E
96919,055.061.E
97110,055.072.A
97111,055.072.A
97112,055.072.B
97113,055.072.B
97114,055.072.C
97115,055.072.C
97117,055.072.E
97118,055.072.E
97119,055.072.F
97120,055.072.F
97121,055.072.G
97122,055.072.G
98074,111.149.E
98075,111.149.E
98076,111.149.E
98077,111.149.E
98078,111.149.E
98079,111.149.E
98372,111.061.E
98373,111.061.E
98374,111.061.E
98375,111.061.E
98376,111.061.E
98377,111.061.E
98800,125.094.A
98801,125.094.A
98802,125.094.B
98803,125.094.B
98804,125.094.C
98805,125.094.C
98807,125.094.E
98808,125.094.E
98809,125.094.F
98810,125.094.F
98811,125.094.G
98812,125.094.G
99435,069.160.A
99436,069.160.A
99437,069.160.B
99438,069.160.B
99439,069.160.C
99440,069.160.C
99442,069.160.E
99443,069.160.E
99444,069.160.F
99445,069.160.F
99446,069.160.G
99447,069.160.G
99645,069.028.A
99646,069.028.A
99647,069.028.B
99648,069.028.B
99649,069.028.C
99650,069.028.C
99652,069.028.E
99653,069.028.E
99654,069.028.F
99655,069.028.F
99656,069.028.G
99657,069.028.G
99855,069.094.A
99856,069.094.A
99857,069.094.B
99858,069.094.B
99859,069.094.C
99860,069.094.C
99862,069.094.E
99863,069.094.E
99864,069.094.F
99865,069.094.F
99866,069.094.G
99867,069.094.G
100971,083.105.E
100972,083.105.E
100973,083.105.E
100974,083.105.E
100975,083.105.E
100976,083.105.E
101167,083.116.A
101168,083.116.A
101169,083.116.B
101170,083.116.B
101171,083.116.C
101172,083.116.C
101174,083.116.E
101175,083.116.E
101176,083.116.F
101177,083.116.F
101178,083.116.G
101179,083.116.G
101375,083.072.A
101376,083.072.A
101377,083.072.B
101378,083.072.B
101379,083.072.C
101380,083.072.C
101382,083.072.E
101383,083.072.E
101384,083.072.F
101385,083.072.F
101386,083.072.G
101387,083.072.G
102235,097.138.A
102236,097.138.A
102237,097.138.B
102238,097.138.B
102239,097.138.C
102240,097.138.C
102242,097.138.E
102243,097.138.E
102244,097.138.F
102245,097.138.F
102246,097.138.G
102247,097.138.G
102443,097.050.A
102444,097.050.A
102445,097.050.B
102446,097.050.B
102447,097.050.C
102448,097.050.C
102450,097.050.E
102451,097.050.E
102452,097.050.F
102453,097.050.F
102454,097.050.G
102455,097.050.G
103245,013.094.A
103246,013.094.A
103247,013.094.B
103248,013.094.B
103249,013.094.C
103250,013.094.C
103252,013.094.E
103253,013.094.E
103254,013.094.F
103255,013.094.F
103256,013.094.G
103257,013.094.G
103723,041.138.A
103724,041.138.A
103725,041.138.B
103726,041.138.B
103727,041.138.C
103728,041.138.C
103730,041.138.E
103731,041.138.E
103732,041.138.F
103733,041.138.F
103734,041.138.G
103735,041.138.G
103933,041.050.A
103934,041.050.A
103935,041.050.B
103936,041.050.B
103937,041.050.C
103938,041.050.C
103940,041.050.E
103941,041.050.E
103942,041.050.F
103943,041.050.F
103944,041.050.G
103945,041.050.G
104679,055.116.A
104680,055.116.A
104681,055.116.B
104682,055.116.B
104683,055.116.C
104684,055.116.C
104686,055.116.E
104687,055.116.E
104688,055.116.F
104689,055.116.F
104690,055.116.G
104691,055.116.G
104988,055.149.E
104989,055.149.E
104990,055.149.E
104991,055.149.E
104992,055.149.E
104993,055.149.E
105286,055.061.E
105287,055.061.E
105288,055.061.E
105289,055.061.E
105290,055.061.E
105291,055.061.E
105482,055.072.A
105483,055.072.A
105484,055.072.B
105485,055.072.B
105486,055.072.C
105487,055.072.C
105489,055.072.E
105490,055.072.E
105491,055.072.F
105492,055.072.F
105493,055.072.G
105494,055.072.G
106446,111.149.E
106447,111.149.E
106448,111.149.E
106449,111.149.E
106450,111.149.E
106451,111.149.E
106744,111.061.E
106745,111.061.E
106746,111.061.E
106747,111.061.E
106748,111.061.E
106749,111.061.E
107172,125.094.A
107173,125.094.A
107174,125.094.B
107175,125.094.B
107176,125.094.C
107177,125.094.C
107179,125.094.E
107180,125.094.E
107181,125.094.F
107182,125.094.F
107183,125.094.G
107184,125.094.G
107796,069.160.A
107797,069.160.A
107798,069.160.B
107799,069.160.B
107800,069.160.C
107801,069.160.C
107803,069.160.E
107804,069.160.E
107805,069.160.F
107806,069.160.F
107807,069.160.G
107808,069.160.G
108006,069.028.A
108007,069.028.A
108008,069.028.B
108009,069.028.B
108010,069.028.C
108011,069.028.C
108013,069.028.E
108014,069.028.E
108015,069.028.F
108016,069.028.F
108017,069.028.G
108018,069.028.G
108216,069.094.A
108217,069.094.A
108218,069.094.B
108219,069.094.B
108220,069.094.C
108221,069.094.C
108223,069.094.E
108224,069.094.E
108225,069.094.F
108226,069.094.F
108227,069.094.G
108228,069.094.G
109332,083.105.E
109333,083.105.E
109334,083.105.E
109335,083.105.E
109336,083.105.E
109337,083.105.E
109528,083.116.A
109529,083.116.A
109530,083.116.B
109531,083.116.B
109532,083.116.C
109533,083.116.C
109535,083.116.E
109536,083.116.E
109537,083.116.F
109538,083.116.F
109539,083.116.G
109540,083.116.G
109736,083.072.A
109737,083.072.A
109738,083.072.B
109739,083.072.B
109740,083.072.C
109741,083.072.C
109743,083.072.E
109744,083.072.E
109745,083.072.F
109746,083.072.F
109747,083.072.G
109748,083.072.G
110596,097.138.A
110597,097.138.A
110598,097.138.B
110599,097.138.B
110600,097.138.C
110601,097.138.C
110603,097.138.E
110604,097.138.E
110605,097.138.F
110606,097.138.F
110607,097.138.G
110608,097.138.G
110804,097.050.A
110805,097.050.A
110806,097.050.B
110807,097.050.B
110808,097.050.C
110809,097.050.C
110811,097.050.E
110812,097.050.E
110813,097.050.F
110814,097.050.F
110815,097.050.G
110816,097.050.G
111606,013.094.A
111607,013.094.A
111608,013.094.B
111609,013.094.B
111610,013.094.C
111611,013.094.C
111613,013.094.E
111614,013.094.E
111615,013.094.F
111616,013.094.F
111617,013.094.G
111618,013.094.G
112084,041.138.A
112085,041.138.A
112086,041.138.B
112087,041.138.B
112088,041.138.C
112089,041.138.C
112091,041.138.E
112092,041.138.E
112093,041.138.F
112094,041.138.F
112095,041.138.G
112096,041.138.G
112294,041.050.A
112295,041.050.A
112296,041.050.B
112297,041.050.B
112298,041.050.C
112299,041.050.C
112301,041.050.E
112302,041.050.E
112303,041.050.F
112304,041.050.F
112305,041.050.G
112306,041.050.G
113040,055.116.A
113041,055.116.A
113042,055.116.B
113043,055.116.B
113044,055.116.C
113045,055.116.C
113047,055.116.E
113048,055.116.E
113049,055.116.F
113050,055.116.F
113051,055.116.G
113052,055.116.G
113352,055.149.E
113353,055.149.E
113354,055.149.E
113355,055.149.E
113356,055.149.E
113357,055.149.E
113650,055.061.E
113651,055.061.E
113652,055.061.E
113653,055.061.E
113654,055.061.E
113655,055.061.E
113846,055.072.A
113847,055.072.A
113848,055.072.B
113849,055.072.B
113850,055.072.C
113851,055.072.C
113853,055.072.E
113854,055.072.E
113855,055.072.F
113856,055.072.F
113857,055.072.G
113858,055.072.G
117916,111.149.E
117917,111.149.E
117918,111.149.E
117919,111.149.E
117920,111.149.E
117921,111.149.E
118214,111.061.E
118215,111.061.E
118216,111.061.E
118217,111.061.E
118218,111.061.E
118219,111.061.E
118642,125.094.A
118643,125.094.A
118644,125.094.B
118645,125.094.B
118646,125.094.C
118647,125.094.C
118649,125.094.E
118650,125.094.E
118651,125.094.F
118652,125.094.F
118653,125.094.G
118654,125.094.G
119246,069.160.A
119247,069.160.A
119248,069.160.B
119249,069.160.B
119250,069.160.C
119251,069.160.C
119253,069.160.E
119254,069.160.E
119255,069.160.F
119256,069.160.F
119257,069.160.G
119258,069.160.G
119456,069.028.A
119457,069.028.A
119458,069.028.B
119459,069.028.B
119460,069.028.C
119461,069.028.C
119463,069.028.E
119464,069.028.E
119465,069.028.F
119466,069.028.F
119467,069.028.G
119468,069.028.G
119666,069.094.A
119667,069.094.A
119668,069.094.B
119669,069.094.B
119670,069.094.C
119671,069.094.C
119673,069.094.E
119674,069.094.E
119675,069.094.F
119676,069.094.F
119677,069.094.G
119678,069.094.G
120782,083.105.E
120783,083.105.E
120784,083.105.E
120785,083.105.E
120786,083.105.E
120787,083.105.E
120978,083.116.A
120979,083.116.A
120980,083.116.B
120981,083.116.B
120982,083.116.C
120983,083.116.C
120985,083.116.E
120986,083.116.E
120987,083.116.F
120988,083.116.F
120989,083.116.G
120990,083.116.G
121186,083.072.A
121187,083.072.A
121188,083.072.B
121189,083.072.B
121190,083.072.C
121191,083.072.C
121193,083.072.E
121194,083.072.E
121195,083.072.F
121196,083.072.F
121197,083.072.G
121198,083.072.G
122046,097.138.A
122047,097.138.A
122048,097.138.B
122049,097.138.B
122050,097.138.C
122051,097.138.C
122053,097.138.E
122054,097.138.E
122055,097.138.F
122056,097.138.F
122057,097.138.G
122058,097.138.G
122254,097.050.A
122255,097.050.A
122256,097.050.B
122257,097.050.B
122258,097.050.C
122259,097.050.C
122261,097.050.E
122262,097.050.E
122263,097.050.F
122264,097.050.F
122265,097.050.G
122266,097.050.G
129376,013.094.G
129377,013.094.G
129378,013.094.C
129379,013.094.C
129380,013.094.B
129381,013.094.B
129382,013.094.A
129383,013.094.A
129384,013.094.F
129385,013.094.F
129386,013.094.E
129387,013.094.E
129841,041.050.G
129842,041.050.G
129843,041.050.C
129844,041.050.C
129845,041.050.B
129846,041.050.B
129847,041.050.A
129848,041.050.A
129849,041.050.F
129850,041.050.F
129851,041.050.E
129852,041.050.E
130318,041.138.A
130319,041.138.A
130320,041.138.B
130321,041.138.B
130322,041.138.C
130323,041.138.C
130324,041.138.E
130325,041.138.E
130326,041.138.F
130327,041.138.F
130328,041.138.G
130329,041.138.G
130724,055.116.A
130725,055.116.A
130726,055.116.B
130727,055.116.B
130728,055.116.C
130729,055.116.C
130730,055.116.E
130731,055.116.E
130732,055.116.F
130733,055.116.F
130734,055.116.G
130735,055.116.G
131035,055.149.E
131036,055.149.E
131037,055.149.E
131038,055.149.E
131039,055.149.E
131040,055.149.E
131333,055.061.E
131334,055.061.E
131335,055.061.E
131336,055.061.E
131337,055.061.E
131338,055.061.E
131524,055.072.A
131525,055.072.A
131526,055.072.B
131527,055.072.B
131528,055.072.C
131529,055.072.C
131530,055.072.E
131531,055.072.E
131532,055.072.F
131533,055.072.F
131534,055.072.G
131535,055.072.G
132482,069.160.A
132483,069.160.A
132484,069.160.B
132485,069.160.B
132486,069.160.C
132487,069.160.C
132488,069.160.E
132489,069.160.E
132490,069.160.F
132491,069.160.F
132492,069.160.G
132493,069.160.G
132686,069.028.A
132687,069.028.A
132688,069.028.B
132689,069.028.B
132690,069.028.C
132691,069.028.C
132692,069.028.E
132693,069.028.E
132694,069.028.F
132695,069.028.F
132696,069.028.G
132697,069.028.G
132890,069.094.A
132891,069.094.A
132892,069.094.B
132893,069.094.B
132894,069.094.C
132895,069.094.C
132896,069.094.E
132897,069.094.E
132898,069.094.F
132899,069.094.F
132900,069.094.G
132901,069.094.G
133950,111.149.E
133951,111.149.E
133952,111.149.E
133953,111.149.E
133954,111.149.E
133955,111.149.E
134248,111.061.E
134249,111.061.E
134250,111.061.E
134251,111.061.E
134252,111.061.E
134253,111.061.E
134671,125.094.A
134672,125.094.A
134673,125.094.B
134674,125.094.B
134675,125.094.C
134676,125.094.C
134677,125.094.E
134678,125.094.E
134679,125.094.F
134680,125.094.F
134681,125.094.G
134682,125.094.G
135304,083.105.E
135305,083.105.E
135306,083.105.E
135307,083.105.E
135308,083.105.E
135309,083.105.E
135495,083.116.A
135496,083.116.A
135497,083.116.B
135498,083.116.B
135499,083.116.C
135500,083.116.C
135501,083.116.E
135502,083.116.E
135503,083.116.F
135504,083.116.F
135505,083.116.G
135506,083.116.G
135697,083.072.A
135698,083.072.A
135699,083.072.B
135700,083.072.B
135701,083.072.C
135702,083.072.C
135703,083.072.E
135704,083.072.E
135705,083.072.F
135706,083.072.F
135707,083.072.G
135708,083.072.G
136566,097.138.A
136567,097.138.A
136568,097.138.B
136569,097.138.B
136570,097.138.C
136571,097.138.C
136572,097.138.E
136573,097.138.E
136574,097.138.F
136575,097.138.F
136576,097.138.G
136577,097.138.G
136768,097.050.A
136769,097.050.A
136770,097.050.B
136771,097.050.B
136772,097.050.C
136773,097.050.C
136774,097.050.E
136775,097.050.E
136776,097.050.F
136777,097.050.F
136778,097.050.G
136779,097.050.G
137550,013.094.A
137551,013.094.A
137552,013.094.B
137553,013.094.B
137554,013.094.C
137555,013.094.C
137556,013.094.E
137557,013.094.E
137558,013.094.F
137559,013.094.F
137560,013.094.G
137561,013.094.G
138015,041.138.A
138016,041.138.A
138017,041.138.B
138018,041.138.B
138019,041.138.C
138020,041.138.C
138021,041.138.E
138022,041.138.E
138023,041.138.F
138024,041.138.F
138025,041.138.G
138026,041.138.G
138219,041.050.A
138220,041.050.A
138221,041.050.B
138222,041.050.B
138223,041.050.C
138224,041.050.C
138225,041.050.E
138226,041.050.E
138227,041.050.F
138228,041.050.F
138229,041.050.G
138230,041.050.G
138945,055.116.A
138946,055.116.A
138947,055.116.B
138948,055.116.B
138949,055.116.C
138950,055.116.C
138951,055.116.E
138952,055.116.E
138953,055.116.F
138954,055.116.F
138955,055.116.G
138956,055.116.G
139256,055.149.E
139257,055.149.E
139258,055.149.E
139259,055.149.E
139260,055.149.E
139261,055.149.E
139554,055.061.E
139555,055.061.E
139556,055.061.E
139557,055.061.E
139558,055.061.E
139559,055.061.E
139745,055.072.A
139746,055.072.A
139747,055.072.B
139748,055.072.B
139749,055.072.C
139750,055.072.C
139751,055.072.E
139752,055.072.E
139753,055.072.F
139754,055.072.F
139755,055.072.G
139756,055.072.G
140966,111.149.E
140967,111.149.E
140968,111.149.E
140969,111.149.E
140970,111.149.E
140971,111.149.E
141264,111.061.E
141265,111.061.E
141266,111.061.E
141267,111.061.E
141268,111.061.E
141269,111.061.E
141687,125.094.A
141688,125.094.A
141689,125.094.B
141690,125.094.B
141691,125.094.C
141692,125.094.C
141693,125.094.E
141694,125.094.E
141695,125.094.F
141696,125.094.F
141697,125.094.G
141698,125.094.G
142179,069.160.A
142180,069.160.A
142181,069.160.B
142182,069.160.B
142183,069.160.C
142184,069.160.C
142185,069.160.E
142186,069.160.E
142187,069.160.F
142188,069.160.F
142189,069.160.G
142190,069.160.G
142358,069.028.A
142359,069.028.A
142360,069.028.B
142361,069.028.B
142362,069.028.C
142363,069.028.C
142364,069.028.E
142365,069.028.E
142366,069.028.F
142367,069.028.F
142368,069.028.G
142369,069.028.G
142556,069.094.A
142557,069.094.A
142558,069.094.B
142559,069.094.B
142560,069.094.C
142561,069.094.C
142562,069.094.E
142563,069.094.E
142564,069.094.F
142565,069.094.F
142566,069.094.G
142567,069.094.G
143525,083.105.E
143526,083.105.E
143527,083.105.E
143528,083.105.E
143529,083.105.E
143530,083.105.E
143716,083.116.A
143717,083.116.A
143718,083.116.B
143719,083.116.B
143720,083.116.C
143721,083.116.C
143722,083.116.E
143723,083.116.E
143724,083.116.F
143725,083.116.F
143726,083.116.G
143727,083.116.G
143918,083.072.A
143919,083.072.A
143920,083.072.B
143921,083.072.B
143922,083.072.C
143923,083.072.C
143924,083.072.E
143925,083.072.E
143926,083.072.F
143927,083.072.F
143928,083.072.G
143929,083.072.G
144758,097.138.A
144759,097.138.A
144760,097.138.B
144761,097.138.B
144762,097.138.C
144763,097.138.C
144764,097.138.E
144765,097.138.E
144766,097.138.F
144767,097.138.F
144768,097.138.G
144769,097.138.G
144960,097.050.A
144961,097.050.A
144962,097.050.B
144963,097.050.B
144964,097.050.C
144965,097.050.C
144966,097.050.E
144967,097.050.E
144968,097.050.F
144969,097.050.F
144970,097.050.G
144971,097.050.G
145742,013.094.A
145743,013.094.A
145744,013.094.B
145745,013.094.B
145746,013.094.C
145747,013.094.C
145748,013.094.E
145749,013.094.E
145750,013.094.F
145751,013.094.F
145752,013.094.G
145753,013.094.G
146207,041.138.A
146208,041.138.A
146209,041.138.B
146210,041.138.B
146211,041.138.C
146212,041.138.C
146213,041.138.E
146214,041.138.E
146215,041.138.F
146216,041.138.F
146217,041.138.G
146218,041.138.G
146411,041.050.A
146412,041.050.A
146413,041.050.B
146414,041.050.B
146415,041.050.C
146416,041.050.C
146417,041.050.E
146418,041.050.E
146419,041.050.F
146420,041.050.F
146421,041.050.G
146422,041.050.G
147137,055.116.A
147138,055.116.A
147139,055.116.B
147140,055.116.B
147141,055.116.C
147142,055.116.C
147143,055.116.E
147144,055.116.E
147145,055.116.F
147146,055.116.F
147147,055.116.G
147148,055.116.G
147448,055.149.E
147449,055.149.E
147450,055.149.E
147451,055.149.E
147452,055.149.E
147453,055.149.E
147746,055.061.E
147747,055.061.E
147748,055.061.E
147749,055.061.E
147750,055.061.E
147751,055.061.E
147937,055.072.A
147938,055.072.A
147939,055.072.B
147940,055.072.B
147941,055.072.C
147942,055.072.C
147943,055.072.E
147944,055.072.E
147945,055.072.F
147946,055.072.F
147947,055.072.G
147948,055.072.G
149108,111.149.E
149109,111.149.E
149110,111.149.E
149111,111.149.E
149112,111.149.E
149113,111.149.E
149406,111.061.E
149407,111.061.E
149408,111.061.E
149409,111.061.E
149410,111.061.E
149411,111.061.E
149829,125.094.A
149830,125.094.A
149831,125.094.B
149832,125.094.B
149833,125.094.C
149834,125.094.C
149835,125.094.E
149836,125.094.E
149837,125.094.F
149838,125.094.F
149839,125.094.G
149840,125.094.G
150321,069.160.A
150322,069.160.A
150323,069.160.B
150324,069.160.B
150325,069.160.C
150326,069.160.C
150327,069.160.E
150328,069.160.E
150329,069.160.F
150330,069.160.F
150331,069.160.G
150332,069.160.G
150508,069.028.A
150509,069.028.A
150510,069.028.B
150511,069.028.B
150512,069.028.C
150513,069.028.C
150514,069.028.E
150515,069.028.E
150516,069.028.F
150517,069.028.F
150518,069.028.G
150519,069.028.G
150706,069.094.A
150707,069.094.A
150708,069.094.B
150709,069.094.B
150710,069.094.C
150711,069.094.C
150712,069.094.E
150713,069.094.E
150714,069.094.F
150715,069.094.F
150716,069.094.G
150717,069.094.G
151717,083.105.E
151718,083.105.E
151719,083.105.E
151720,083.105.E
151721,083.105.E
151722,083.105.E
151908,083.116.A
151909,083.116.A
151910,083.116.B
151911,083.116.B
151912,083.116.C
151913,083.116.C
151914,083.116.E
151915,083.116.E
151916,083.116.F
151917,083.116.F
151918,083.116.G
151919,083.116.G
152110,083.072.A
152111,083.072.A
152112,083.072.B
152113,083.072.B
152114,083.072.C
152115,083.072.C
152116,083.072.E
152117,083.072.E
152118,083.072.F
152119,083.072.F
152120,083.072.G
152121,083.072.G
152950,097.138.A
152951,097.138.A
152952,097.138.B
152953,097.138.B
152954,097.138.C
152955,097.138.C
152956,097.138.E
152957,097.138.E
152958,097.138.F
152959,097.138.F
152960,097.138.G
152961,097.138.G
153152,097.050.A
153153,097.050.A
153154,097.050.B
153155,097.050.B
153156,097.050.C
153157,097.050.C
153158,097.050.E
153159,097.050.E
153160,097.050.F
153161,097.050.F
153162,097.050.G
153163,097.050.G
153934,013.094.A
153935,013.094.A
153936,013.094.B
153937,013.094.B
153938,013.094.C
153939,013.094.C
153940,013.094.E
153941,013.094.E
153942,013.094.F
153943,013.094.F
153944,013.094.G
153945,013.094.G
154399,041.138.A
154400,041.138.A
154401,041.138.B
154402,041.138.B
154403,041.138.C
154404,041.138.C
154405,041.138.E
154406,041.138.E
154407,041.138.F
154408,041.138.F
154409,041.138.G
154410,041.138.G
154603,041.050.A
154604,041.050.A
154605,041.050.B
154606,041.050.B
154607,041.050.C
154608,041.050.C
154609,041.050.E
154610,041.050.E
154611,041.050.F
154612,041.050.F
154613,041.050.G
154614,041.050.G
155329,055.116.A
155330,055.116.A
155331,055.116.B
155332,055.116.B
155333,055.116.C
155334,055.116.C
155335,055.116.E
155336,055.116.E
155337,055.116.F
155338,055.116.F
155339,055.116.G
155340,055.116.G
155640,055.149.E
155641,055.149.E
155642,055.149.E
155643,055.149.E
155644,055.149.E
155645,055.149.E
155938,055.061.E
155939,055.061.E
155940,055.061.E
155941,055.061.E
155942,055.061.E
155943,055.061.E
156129,055.072.A
156130,055.072.A
156131,055.072.B
156132,055.072.B
156133,055.072.C
156134,055.072.C
156135,055.072.E
156136,055.072.E
156137,055.072.F
156138,055.072.F
156139,055.072.G
156140,055.072.G
160429,111.149.E
160430,111.149.E
160431,111.149.E
160432,111.149.E
160433,111.149.E
160434,111.149.E
160727,111.061.E
160728,111.061.E
160729,111.061.E
160730,111.061.E
160731,111.061.E
160732,111.061.E
161150,125.094.A
161151,125.094.A
161152,125.094.B
161153,125.094.B
161154,125.094.C
161155,125.094.C
161156,125.094.E
161157,125.094.E
161158,125.094.F
161159,125.094.F
161160,125.094.G
161161,125.094.G
161642,069.160.A
161643,069.160.A
161644,069.160.B
161645,069.160.B
161646,069.160.C
161647,069.160.C
161648,069.160.E
161649,069.160.E
161650,069.160.F
161651,069.160.F
161652,069.160.G
161653,069.160.G
161829,069.028.A
161830,069.028.A
161831,069.028.B
161832,069.028.B
161833,069.028.C
161834,069.028.C
161835,069.028.E
161836,069.028.E
161837,069.028.F
161838,069.028.F
161839,069.028.G
161840,069.028.G
162027,069.094.A
162028,069.094.A
162029,069.094.B
162030,069.094.B
162031,069.094.C
162032,069.094.C
162033,069.094.E
162034,069.094.E
162035,069.094.F
162036,069.094.F
162037,069.094.G
162038,069.094.G
163087,083.105.E
163088,083.105.E
163089,083.105.E
163090,083.105.E
163091,083.105.E
163092,083.105.E
163278,083.116.A
163279,083.116.A
163280,083.116.B
163281,083.116.B
163282,083.116.C
163283,083.116.C
163284,083.116.E
163285,083.116.E
163286,083.116.F
163287,083.116.F
163288,083.116.G
163289,083.116.G
163480,083.072.A
163481,083.072.A
163482,083.072.B
163483,083.072.B
163484,083.072.C
163485,083.072.C
163486,083.072.E
163487,083.072.E
163488,083.072.F
163489,083.072.F
163490,083.072.G
163491,083.072.G
164320,097.138.A
164321,097.138.A
164322,097.138.B
164323,097.138.B
164324,097.138.C
164325,097.138.C
164326,097.138.E
164327,097.138.E
164328,097.138.F
164329,097.138.F
164330,097.138.G
164331,097.138.G
164522,097.050.A
164523,097.050.A
164524,097.050.B
164525,097.050.B
164526,097.050.C
164527,097.050.C
164528,097.050.E
164529,097.050.E
164530,097.050.F
164531,097.050.F
164532,097.050.G
164533,097.050.G
171384,013.094.G
171385,013.094.G
171386,013.094.C
171387,013.094.C
171388,013.094.B
171389,013.094.B
171390,013.094.A
171391,013.094.A
171392,013.094.F
171393,013.094.F
171394,013.094.E
171395,013.094.E
171849,041.050.G
171850,041.050.G
171851,041.050.C
171852,041.050.C
171853,041.050.B
171854,041.050.B
171855,041.050.A
171856,041.050.A
171857,041.050.F
171858,041.050.F
171859,041.050.E
171860,041.050.E
172326,041.138.A
172327,041.138.A
172328,041.138.B
172329,041.138.B
172330,041.138.C
172331,041.138.C
172332,041.138.E
172333,041.138.E
172334,041.138.F
172335,041.138.F
172336,041.138.G
172337,041.138.G
172732,055.116.A
172733,055.116.A
172734,055.116.B
172735,055.116.B
172736,055.116.C
172737,055.116.C
172738,055.116.E
172739,055.116.E
172740,055.116.F
172741,055.116.F
172742,055.116.G
172743,055.116.G
173043,055.149.E
173044,055.149.E
173045,055.149.E
173046,055.149.E
173047,055.149.E
173048,055.149.E
173341,055.061.E
173342,055.061.E
173343,055.061.E
173344,055.061.E
173345,055.061.E
173346,055.061.E
173532,055.072.A
173533,055.072.A
173534,055.072.B
173535,055.072.B
173536,055.072.C
173537,055.072.C
173538,055.072.E
173539,055.072.E
173540,055.072.F
173541,055.072.F
173542,055.072.G
173543,055.072.G
174490,069.160.A
174491,069.160.A
174492,069.160.B
174493,069.160.B
174494,069.160.C
174495,069.160.C
174496,069.160.E
174497,069.160.E
174498,069.160.F
174499,069.160.F
174500,069.160.G
174501,069.160.G
174694,069.028.A
174695,069.028.A
174696,069.028.B
174697,069.028.B
174698,069.028.C
174699,069.028.C
174700,069.028.E
174701,069.028.E
174702,069.028.F
174703,069.028.F
174704,069.028.G
174705,069.028.G
174898,069.094.A
174899,069.094.A
174900,069.094.B
174901,069.094.B
174902,069.094.C
174903,069.094.C
174904,069.094.E
174905,069.094.E
174906,069.094.F
174907,069.094.F
174908,069.094.G
174909,069.094.G
175958,111.149.E
175959,111.149.E
175960,111.149.E
175961,111.149.E
175962,111.149.E
175963,111.149.E
176256,111.061.E
176257,111.061.E
176258,111.061.E
176259,111.061.E
176260,111.061.E
176261,111.061.E
176679,125.094.A
176680,125.094.A
176681,125.094.B
176682,125.094.B
176683,125.094.C
176684,125.094.C
176685,125.094.E
176686,125.094.E
176687,125.094.F
176688,125.094.F
176689,125.094.G
176690,125.094.G
177312,083.105.E
177313,083.105.E
177314,083.105.E
177315,083.105.E
177316,083.105.E
177317,083.105.E
177503,083.116.A
177504,083.116.A
177505,083.116.B
177506,083.116.B
177507,083.116.C
177508,083.116.C
177509,083.116.E
177510,083.116.E
177511,083.116.F
177512,083.116.F
177513,083.116.G
177514,083.116.G
177705,083.072.A
177706,083.072.A
177707,083.072.B
177708,083.072.B
177709,083.072.C
177710,083.072.C
177711,083.072.E
177712,083.072.E
177713,083.072.F
177714,083.072.F
177715,083.072.G
177716,083.072.G
178574,097.138.A
178575,097.138.A
178576,097.138.B
178577,097.138.B
178578,097.138.C
178579,097.138.C
178580,097.138.E
178581,097.138.E
178582,097.138.F
178583,097.138.F
178584,097.138.G
178585,097.138.G
178776,097.050.A
178777,097.050.A
178778,097.050.B
178779,097.050.B
178780,097.050.C
178781,097.050.C
178782,097.050.E
178783,097.050.E
178784,097.050.F
178785,097.050.F
178786,097.050.G
178787,097.050.G
179558,013.094.A
179559,013.094.A
179560,013.094.B
179561,013.094.B
179562,013.094.C
179563,013.094.C
179564,013.094.E
179565,013.094.E
179566,013.094.F
179567,013.094.F
179568,013.094.G
179569,013.094.G
180023,041.138.A
180024,041.138.A
180025,041.138.B
180026,041.138.B
180027,041.138.C
180028,041.138.C
180029,041.138.E
180030,041.138.E
180031,041.138.F
180032,041.138.F
180033,041.138.G
180034,041.138.G
180227,041.050.A
180228,041.050.A
180229,041.050.B
180230,041.050.B
180231,041.050.C
180232,041.050.C
180233,041.050.E
180234,041.050.E
180235,041.050.F
180236,041.050.F
180237,041.050.G
180238,041.050.G
180953,055.116.A
180954,055.116.A
180955,055.116.B
180956,055.116.B
180957,055.116.C
180958,055.116.C
180959,055.116.E
180960,055.116.E
180961,055.116.F
180962,055.116.F
180963,055.116.G
180964,055.116.G
181264,055.149.E
181265,055.149.E
181266,055.149.E
181267,055.149.E
181268,055.149.E
181269,055.149.E
181562,055.061.E
181563,055.061.E
181564,055.061.E
181565,055.061.E
181566,055.061.E
181567,055.061.E
181753,055.072.A
181754,055.072.A
181755,055.072.B
181756,055.072.B
181757,055.072.C
181758,055.072.C
181759,055.072.E
181760,055.072.E
181761,055.072.F
181762,055.072.F
181763,055.072.G
181764,055.072.G
182974,111.149.E
182975,111.149.E
182976,111.149.E
182977,111.149.E
182978,111.149.E
182979,111.149.E
183272,111.061.E
183273,111.061.E
183274,111.061.E
183275,111.061.E
183276,111.061.E
183277,111.061.E
183695,125.094.A
183696,125.094.A
183697,125.094.B
183698,125.094.B
183699,125.094.C
183700,125.094.C
183701,125.094.E
183702,125.094.E
183703,125.094.F
183704,125.094.F
183705,125.094.G
183706,125.094.G
184187,069.160.A
184188,069.160.A
184189,069.160.B
184190,069.160.B
184191,069.160.C
184192,069.160.C
184193,069.160.E
184194,069.160.E
184195,069.160.F
184196,069.160.F
184197,069.160.G
184198,069.160.G
184366,069.028.A
184367,069.028.A
184368,069.028.B
184369,069.028.B
184370,069.028.C
184371,069.028.C
184372,069.028.E
184373,069.028.E
184374,069.028.F
184375,069.028.F
184376,069.028.G
184377,069.028.G
184564,069.094.A
184565,069.094.A
184566,069.094.B
184567,069.094.B
184568,069.094.C
184569,069.094.C
184570,069.094.E
184571,069.094.E
184572,069.094.F
184573,069.094.F
184574,069.094.G
184575,069.094.G
185533,083.105.E
185534,083.105.E
185535,083.105.E
185536,083.105.E
185537,083.105.E
185538,083.105.E
185724,083.116.A
185725,083.116.A
185726,083.116.B
185727,083.116.B
185728,083.116.C
185729,083.116.C
185730,083.116.E
185731,083.116.E
185732,083.116.F
185733,083.116.F
185734,083.116.G
185735,083.116.G
185926,083.072.A
185927,083.072.A
185928,083.072.B
185929,083.072.B
185930,083.072.C
185931,083.072.C
185932,083.072.E
185933,083.072.E
185934,083.072.F
185935,083.072.F
185936,083.072.G
185937,083.072.G
186766,097.138.A
186767,097.138.A
186768,097.138.B
186769,097.138.B
186770,097.138.C
186771,097.138.C
186772,097.138.E
186773,097.138.E
186774,097.138.F
186775,097.138.F
186776,097.138.G
186777,097.138.G
186968,097.050.A
186969,097.050.A
186970,097.050.B
186971,097.050.B
186972,097.050.C
186973,097.050.C
186974,097.050.E
186975,097.050.E
186976,097.050.F
186977,097.050.F
186978,097.050.G
186979,097.050.G
187750,013.094.A
187751,013.094.A
187752,013.094.B
187753,013.094.B
187754,013.094.C
187755,013.094.C
187756,013.094.E
187757,013.094.E
187758,013.094.F
187759,013.094.F
187760,013.094.G
187761,013.094.G
188215,041.138.A
188216,041.138.A
188217,041.138.B
188218,041.138.B
188219,041.138.C
188220,041.138.C
188221,041.138.E
188222,041.138.E
188223,041.138.F
188224,041.138.F
188225,041.138.G
188226,041.138.G
188419,041.050.A
188420,041.050.A
188421,041.050.B
188422,041.050.B
188423,041.050.C
188424,041.050.C
188425,041.050.E
188426,041.050.E
188427,041.050.F
188428,041.050.F
188429,041.050.G
188430,041.050.G
189145,055.116.A
189146,055.116.A
189147,055.116.B
189148,055.116.B
189149,055.116.C
189150,055.116.C
189151,055.116.E
189152,055.116.E
189153,055.116.F
189154,055.116.F
189155,055.116.G
189156,055.116.G
189456,055.149.E
189457,055.149.E
189458,055.149.E
189459,055.149.E
189460,055.149.E
189461,055.149.E
189754,055.061.E
189755,055.061.E
189756,055.061.E
189757,055.061.E
189758,055.061.E
189759,055.061.E
189945,055.072.A
189946,055.072.A
189947,055.072.B
189948,055.072.B
189949,055.072.C
189950,055.072.C
189951,055.072.E
189952,055.072.E
189953,055.072.F
189954,055.072.F
189955,055.072.G
189956,055.072.G
191116,111.149.E
191117,111.149.E
191118,111.149.E
191119,111.149.E
191120,111.149.E
191121,111.149.E
191414,111.061.E
191415,111.061.E
191416,111.061.E
191417,111.061.E
191418,111.061.E
191419,111.061.E
191837,125.094.A
191838,125.094.A
191839,125.094.B
191840,125.094.B
191841,125.094.C
191842,125.094.C
191843,125.094.E
191844,125.094.E
191845,125.094.F
191846,125.094.F
191847,125.094.G
191848,125.094.G
192329,069.160.A
192330,069.160.A
192331,069.160.B
192332,069.160.B
192333,069.160.C
192334,069.160.C
192335,069.160.E
192336,069.160.E
192337,069.160.F
192338,069.160.F
192339,069.160.G
192340,069.160.G
192516,069.028.A
192517,069.028.A
192518,069.028.B
192519,069.028.B
192520,069.028.C
192521,069.028.C
192522,069.028.E
192523,069.028.E
192524,069.028.F
192525,069.028.F
192526,069.028.G
192527,069.028.G
192714,069.094.A
192715,069.094.A
192716,069.094.B
192717,069.094.B
192718,069.094.C
192719,069.094.C
192720,069.094.E
192721,069.094.E
192722,069.094.F
192723,069.094.F
192724,069.094.G
192725,069.094.G
193725,083.105.E
193726,083.105.E
193727,083.105.E
193728,083.105.E
193729,083.105.E
193730,083.105.E
193916,083.116.A
193917,083.116.A
193918,083.116.B
193919,083.116.B
193920,083.116.C
193921,083.116.C
193922,083.116.E
193923,083.116.E
193924,083.116.F
193925,083.116.F
193926,083.116.G
193927,083.116.G
194118,083.072.A
194119,083.072.A
194120,083.072.B
194121,083.072.B
194122,083.072.C
194123,083.072.C
194124,083.072.E
194125,083.072.E
194126,083.072.F
194127,083.072.F
194128,083.072.G
194129,083.072.G
194958,097.138.A
194959,097.138.A
194960,097.138.B
194961,097.138.B
194962,097.138.C
194963,097.138.C
194964,097.138.E
194965,097.138.E
194966,097.138.F
194967,097.138.F
194968,097.138.G
194969,097.138.G
195160,097.050.A
195161,097.050.A
195162,097.050.B
195163,097.050.B
195164,097.050.C
195165,097.050.C
195166,097.050.E
195167,097.050.E
195168,097.050.F
195169,097.050.F
195170,097.050.G
195171,097.050.G
195942,013.094.A
195943,013.094.A
195944,013.094.B
195945,013.094.B
195946,013.094.C
195947,013.094.C
195948,013.094.E
195949,013.094.E
195950,013.094.F
195951,013.094.F
195952,013.094.G
195953,013.094.G
196407,041.138.A
196408,041.138.A
196409,041.138.B
196410,041.138.B
196411,041.138.C
196412,041.138.C
196413,041.138.E
196414,041.138.E
196415,041.138.F
196416,041.138.F
196417,041.138.G
196418,041.138.G
196611,041.050.A
196612,041.050.A
196613,041.050.B
196614,041.050.B
196615,041.050.C
196616,041.050.C
196617,041.050.E
196618,041.050.E
196619,041.050.F
196620,041.050.F
196621,041.050.G
196622,041.050.G
197337,055.116.A
197338,055.116.A
197339,055.116.B
197340,055.116.B
197341,055.116.C
197342,055.116.C
197343,055.116.E
197344,055.116.E
197345,055.116.F
197346,055.116.F
197347,055.116.G
197348,055.116.G
197648,055.149.E
197649,055.149.E
197650,055.149.E
197651,055.149.E
197652,055.149.E
197653,055.149.E
197946,055.061.E
197947,055.061.E
197948,055.061.E
197949,055.061.E
197950,055.061.E
197951,055.061.E
198137,055.072.A
198138,055.072.A
198139,055.072.B
198140,055.072.B
198141,055.072.C
198142,055.072.C
198143,055.072.E
198144,055.072.E
198145,055.072.F
198146,055.072.F
198147,055.072.G
198148,055.072.G
202437,111.149.E
202438,111.149.E
202439,111.149.E
202440,111.149.E
202441,111.149.E
202442,111.149.E
202735,111.061.E
202736,111.061.E
202737,111.061.E
202738,111.061.E
202739,111.061.E
202740,111.061.E
203158,125.094.A
203159,125.094.A
203160,125.094.B
203161,125.094.B
203162,125.094.C
203163,125.094.C
203164,125.094.E
203165,125.094.E
203166,125.094.F
203167,125.094.F
203168,125.094.G
203169,125.094.G
203650,069.160.A
203651,069.160.A
203652,069.160.B
203653,069.160.B
203654,069.160.C
203655,069.160.C
203656,069.160.E
203657,069.160.E
203658,069.160.F
203659,069.160.F
203660,069.160.G
203661,069.160.G
203837,069.028.A
203838,069.028.A
203839,069.028.B
203840,069.028.B
203841,069.028.C
203842,069.028.C
203843,069.028.E
203844,069.028.E
203845,069.028.F
203846,069.028.F
203847,069.028.G
203848,069.028.G
204035,069.094.A
204036,069.094.A
204037,069.094.B
204038,069.094.B
204039,069.094.C
204040,069.094.C
204041,069.094.E
204042,069.094.E
204043,069.094.F
204044,069.094.F
204045,069.094.G
204046,069.094.G
205095,083.105.E
205096,083.105.E
205097,083.105.E
205098,083.105.E
205099,083.105.E
205100,083.105.E
205286,083.116.A
205287,083.116.A
205288,083.116.B
205289,083.116.B
205290,083.116.C
205291,083.116.C
205292,083.116.E
205293,083.116.E
205294,083.116.F
205295,083.116.F
205296,083.116.G
205297,083.116.G
205488,083.072.A
205489,083.072.A
205490,083.072.B
205491,083.072.B
205492,083.072.C
205493,083.072.C
205494,083.072.E
205495,083.072.E
205496,083.072.F
205497,083.072.F
205498,083.072.G
205499,083.072.G
206328,097.138.A
206329,097.138.A
206330,097.138.B
206331,097.138.B
206332,097.138.C
206333,097.138.C
206334,097.138.E
206335,097.138.E
206336,097.138.F
206337,097.138.F
206338,097.138.G
206339,097.138.G
206530,097.050.A
206531,097.050.A
206532,097.050.B
206533,097.050.B
206534,097.050.C
206535,097.050.C
206536,097.050.E
206537,097.050.E
206538,097.050.F
206539,097.050.F
206540,097.050.G
206541,097.050.G
213392,013.094.G
213393,013.094.G
213394,013.094.C
213395,013.094.C
213396,013.094.B
213397,013.094.B
213398,013.094.A
213399,013.094.A
213400,013.094.F
213401,013.094.F
213402,013.094.E
213403,013.094.E
213857,041.050.G
213858,041.050.G
213859,041.050.C
213860,041.050.C
213861,041.050.B
213862,041.050.B
213863,041.050.A
213864,041.050.A
213865,041.050.F
213866,041.050.F
213867,041.050.E
213868,041.050.E
214334,041.138.A
214335,041.138.A
214336,041.138.B
214337,041.138.B
214338,041.138.C
214339,041.138.C
214340,041.138.E
214341,041.138.E
214342,041.138.F
214343,041.138.F
214344,041.138.G
214345,041.138.G
214740,055.116.A
214741,055.116.A
214742,055.116.B
214743,055.116.B
214744,055.116.C
214745,055.116.C
214746,055.116.E
214747,055.116.E
214748,055.116.F
214749,055.116.F
214750,055.116.G
214751,055.116.G
215051,055.149.E
215052,055.149.E
215053,055.149.E
215054,055.149.E
215055,055.149.E
215056,055.149.E
215349,055.061.E
215350,055.061.E
215351,055.061.E
215352,055.061.E
215353,055.061.E
215354,055.061.E
215540,055.072.A
215541,055.072.A
215542,055.072.B
215543,055.072.B
215544,055.072.C
215545,055.072.C
215546,055.072.E
215547,055.072.E
215548,055.072.F
215549,055.072.F
215550,055.072.G
215551,055.072.G
216498,069.160.A
216499,069.160.A
216500,069.160.B
216501,069.160.B
216502,069.160.C
216503,069.160.C
216504,069.160.E
216505,069.160.E
216506,069.160.F
216507,069.160.F
216508,069.160.G
216509,069.160.G
216702,069.028.A
216703,069.028.A
216704,069.028.B
216705,069.028.B
216706,069.028.C
216707,069.028.C
216708,069.028.E
216709,069.028.E
216710,069.028.F
216711,069.028.F
216712,069.028.G
216713,069.028.G
216906,069.094.A
216907,069.094.A
216908,069.094.B
216909,069.094.B
216910,069.094.C
216911,069.094.C
216912,069.094.E
216913,069.094.E
216914,069.094.F
216915,069.094.F
216916,069.094.G
216917,069.094.G
217966,111.149.E
217967,111.149.E
217968,111.149.E
217969,111.149.E
217970,111.149.E
217971,111.149.E
218264,111.061.E
218265,111.061.E
218266,111.061.E
218267,111.061.E
218268,111.061.E
218269,111.061.E
218687,125.094.A
218688,125.094.A
218689,125.094.B
218690,125.094.B
218691,125.094.C
218692,125.094.C
218693,125.094.E
218694,125.094.E
218695,125.094.F
218696,125.094.F
218697,125.094.G
218698,125.094.G
219320,083.105.E
219321,083.105.E
219322,083.105.E
219323,083.105.E
219324,083.105.E
219325,083.105.E
219511,083.116.A
219512,083.116.A
219513,083.116.B
219514,083.116.B
219515,083.116.C
219516,083.116.C
219517,083.116.E
219518,083.116.E
219519,083.116.F
219520,083.116.F
219521,083.116.G
219522,083.116.G
219713,083.072.A
219714,083.072.A
219715,083.072.B
219716,083.072.B
219717,083.072.C
219718,083.072.C
219719,083.072.E
219720,083.072.E
219721,083.072.F
219722,083.072.F
219723,083.072.G
219724,083.072.G
220582,097.138.A
220583,097.138.A
220584,097.138.B
220585,097.138.B
220586,097.138.C
220587,097.138.C
220588,097.138.E
220589,097.138.E
220590,097.138.F
220591,097.138.F
220592,097.138.G
220593,097.138.G
220784,097.050.A
220785,097.050.A
220786,097.050.B
220787,097.050.B
220788,097.050.C
220789,097.050.C
220790,097.050.E
220791,097.050.E
220792,097.050.F
220793,097.050.F
220794,097.050.G
220795,097.050.G
221566,013.094.A
221567,013.094.A
221568,013.094.B
221569,013.094.B
221570,013.094.C
221571,013.094.C
221572,013.094.E
221573,013.094.E
221574,013.094.F
221575,013.094.F
221576,013.094.G
221577,013.094.G
222031,041.138.A
222032,041.138.A
222033,041.138.B
222034,041.138.B
222035,041.138.C
222036,041.138.C
222037,041.138.E
222038,041.138.E
222039,041.138.F
222040,041.138.F
222041,041.138.G
222042,041.138.G
222235,041.050.A
222236,041.050.A
222237,041.050.B
222238,041.050.B
222239,041.050.C
222240,041.050.C
222241,041.050.E
222242,041.050.E
222243,041.050.F
222244,041.050.F
222245,041.050.G
222246,041.050.G
222961,055.116.A
222962,055.116.A
222963,055.116.B
222964,055.116.B
222965,055.116.C
222966,055.116.C
222967,055.116.E
222968,055.116.E
222969,055.116.F
222970,055.116.F
222971,055.116.G
222972,055.116.G
223272,055.149.E
223273,055.149.E
223274,055.149.E
223275,055.149.E
223276,055.149.E
223277,055.149.E
223570,055.061.E
223571,055.061.E
223572,055.061.E
223573,055.061.E
223574,055.061.E
223575,055.061.E
223761,055.072.A
223762,055.072.A
223763,055.072.B
223764,055.072.B
223765,055.072.C
223766,055.072.C
223767,055.072.E
223768,055.072.E
223769,055.072.F
223770,055.072.F
223771,055.072.G
223772,055.072.G
224982,111.149.E
224983,111.149.E
224984,111.149.E
224985,111.149.E
224986,111.149.E
224987,111.149.E
225280,111.061.E
225281,111.061.E
225282,111.061.E
225283,111.061.E
225284,111.061.E
225285,111.061.E
225703,125.094.A
225704,125.094.A
225705,125.094.B
225706,125.094.B
225707,125.094.C
225708,125.094.C
225709,125.094.E
225710,125.094.E
225711,125.094.F
225712,125.094.F
225713,125.094.G
225714,125.094.G
226195,069.160.A
226196,069.160.A
226197,069.160.B
226198,069.160.B
226199,069.160.C
226200,069.160.C
226201,069.160.E
226202,069.160.E
226203,069.160.F
226204,069.160.F
226205,069.160.G
226206,069.160.G
226374,069.028.A
226375,069.028.A
226376,069.028.B
226377,069.028.B
226378,069.028.C
226379,069.028.C
226380,069.028.E
226381,069.028.E
226382,069.028.F
226383,069.028.F
226384,069.028.G
226385,069.028.G
226572,069.094.A
226573,069.094.A
226574,069.094.B
226575,069.094.B
226576,069.094.C
226577,069.094.C
226578,069.094.E
226579,069.094.E
226580,069.094.F
226581,069.094.F
226582,069.094.G
226583,069.094.G
227541,083.105.E
227542,083.105.E
227543,083.105.E
227544,083.105.E
227545,083.105.E
227546,083.105.E
227732,083.116.A
227733,083.116.A
227734,083.116.B
227735,083.116.B
227736,083.116.C
227737,083.116.C
227738,083.116.E
227739,083.116.E
227740,083.116.F
227741,083.116.F
227742,083.116.G
227743,083.116.G
227934,083.072.A
227935,083.072.A
227936,083.072.B
227937,083.072.B
227938,083.072.C
227939,083.072.C
227940,083.072.E
227941,083.072.E
227942,083.072.F
227943,083.072.F
227944,083.072.G
227945,083.072.G
228774,097.138.A
228775,097.138.A
228776,097.138.B
228777,097.138.B
228778,097.138.C
228779,097.138.C
228780,097.138.E
228781,097.138.E
228782,097.138.F
228783,097.138.F
228784,097.138.G
228785,097.138.G
228976,097.050.A
228977,097.050.A
228978,097.050.B
228979,097.050.B
228980,097.050.C
228981,097.050.C
228982,097.050.E
228983,097.050.E
228984,097.050.F
228985,097.050.F
228986,097.050.G
228987,097.050.G
229758,013.094.A
229759,013.094.A
229760,013.094.B
229761,013.094.B
229762,013.094.C
229763,013.094.C
229764,013.094.E
229765,013.094.E
229766,013.094.F
229767,013.094.F
229768,013.094.G
229769,013.094.G
230223,041.138.A
230224,041.138.A
230225,041.138.B
230226,041.138.B
230227,041.138.C
230228,041.138.C
230229,041.138.E
230230,041.138.E
230231,041.138.F
230232,041.138.F
230233,041.138.G
230234,041.138.G
230427,041.050.A
230428,041.050.A
230429,041.050.B
230430,041.050.B
230431,041.050.C
230432,041.050.C
230433,041.050.E
230434,041.050.E
230435,041.050.F
230436,041.050.F
230437,041.050.G
230438,041.050.G
231153,055.116.A
231154,055.116.A
231155,055.116.B
231156,055.116.B
231157,055.116.C
231158,055.116.C
231159,055.116.E
231160,055.116.E
231161,055.116.F
231162,055.116.F
231163,055.116.G
231164,055.116.G
231464,055.149.E
231465,055.149.E
231466,055.149.E
231467,055.149.E
231468,055.149.E
231469,055.149.E
231762,055.061.E
231763,055.061.E
231764,055.061.E
231765,055.061.E
231766,055.061.E
231767,055.061.E
231953,055.072.A
231954,055.072.A
231955,055.072.B
231956,055.072.B
231957,055.072.C
231958,055.072.C
231959,055.072.E
231960,055.072.E
231961,055.072.F
231962,055.072.F
231963,055.072.G
231964,055.072.G
233124,111.149.E
233125,111.149.E
233126,111.149.E
233127,111.149.E
233128,111.149.E
233129,111.149.E
233422,111.061.E
233423,111.061.E
233424,111.061.E
233425,111.061.E
233426,111.061.E
233427,111.061.E
233845,125.094.A
233846,125.094.A
233847,125.094.B
233848,125.094.B
233849,125.094.C
233850,125.094.C
233851,125.094.E
233852,125.094.E
233853,125.094.F
233854,125.094.F
233855,125.094.G
233856,125.094.G
234337,069.160.A
234338,069.160.A
234339,069.160.B
234340,069.160.B
234341,069.160.C
234342,069.160.C
234343,069.160.E
234344,069.160.E
234345,069.160.F
234346,069.160.F
234347,069.160.G
234348,069.160.G
234524,069.028.A
234525,069.028.A
234526,069.028.B
234527,069.028.B
234528,069.028.C
234529,069.028.C
234530,069.028.E
234531,069.028.E
234532,069.028.F
234533,069.028.F
234534,069.028.G
234535,069.028.G
234722,069.094.A
234723,069.094.A
234724,069.094.B
234725,069.094.B
234726,069.094.C
234727,069.094.C
234728,069.094.E
234729,069.094.E
234730,069.094.F
234731,069.094.F
234732,069.094.G
234733,069.094.G
235733,083.105.E
235734,083.105.E
235735,083.105.E
235736,083.105.E
235737,083.105.E
235738,083.105.E
235924,083.116.A
235925,083.116.A
235926,083.116.B
235927,083.116.B
235928,083.116.C
235929,083.116.C
235930,083.116.E
235931,083.116.E
235932,083.116.F
235933,083.116.F
235934,083.116.G
235935,083.116.G
236126,083.072.A
236127,083.072.A
236128,083.072.B
236129,083.072.B
236130,083.072.C
236131,083.072.C
236132,083.072.E
236133,083.072.E
236134,083.072.F
236135,083.072.F
236136,083.072.G
236137,083.072.G
236966,097.138.A
236967,097.138.A
236968,097.138.B
236969,097.138.B
236970,097.138.C
236971,097.138.C
236972,097.138.E
236973,097.138.E
236974,097.138.F
236975,097.138.F
236976,097.138.G
236977,097.138.G
237168,097.050.A
237169,097.050.A
237170,097.050.B
237171,097.050.B
237172,097.050.C
237173,097.050.C
237174,097.050.E
237175,097.050.E
237176,097.050.F
237177,097.050.F
237178,097.050.G
237179,097.050.G
237950,013.094.A
237951,013.094.A
237952,013.094.B
237953,013.094.B
237954,013.094.C
237955,013.094.C
237956,013.094.E
237957,013.094.E
237958,013.094.F
237959,013.094.F
237960,013.094.G
237961,013.094.G
238415,041.138.A
238416,041.138.A
238417,041.138.B
238418,041.138.B
238419,041.138.C
238420,041.138.C
238421,041.138.E
238422,041.138.E
238423,041.138.F
238424,041.138.F
238425,041.138.G
238426,041.138.G
238619,041.050.A
238620,041.050.A
238621,041.050.B
238622,041.050.B
238623,041.050.C
238624,041.050.C
238625,041.050.E
238626,041.050.E
238627,041.050.F
238628,041.050.F
238629,041.050.G
238630,041.050.G
239345,055.116.A
239346,055.116.A
239347,055.116.B
239348,055.116.B
239349,055.116.C
239350,055.116.C
239351,055.116.E
239352,055.116.E
239353,055.116.F
239354,055.116.F
239355,055.116.G
239356,055.116.G
239656,055.149.E
239657,055.149.E
239658,055.149.E
239659,055.149.E
239660,055.149.E
239661,055.149.E
239954,055.061.E
239955,055.061.E
239956,055.061.E
239957,055.061.E
239958,055.061.E
239959,055.061.E
240145,055.072.A
240146,055.072.A
240147,055.072.B
240148,055.072.B
240149,055.072.C
240150,055.072.C
240151,055.072.E
240152,055.072.E
240153,055.072.F
240154,055.072.F
240155,055.072.G
240156,055.072.G
244445,111.149.E
244446,111.149.E
244447,111.149.E
244448,111.149.E
244449,111.149.E
244450,111.149.E
244743,111.061.E
244744,111.061.E
244745,111.061.E
244746,111.061.E
244747,111.061.E
244748,111.061.E
245166,125.094.A
245167,125.094.A
245168,125.094.B
245169,125.094.B
245170,125.094.C
245171,125.094.C
245172,125.094.E
245173,125.094.E
245174,125.094.F
245175,125.094.F
245176,125.094.G
245177,125.094.G
245658,069.160.A
245659,069.160.A
245660,069.160.B
245661,069.160.B
245662,069.160.C
245663,069.160.C
245664,069.160.E
245665,069.160.E
245666,069.160.F
245667,069.160.F
245668,069.160.G
245669,069.160.G
245845,069.028.A
245846,069.028.A
245847,069.028.B
245848,069.028.B
245849,069.028.C
245850,069.028.C
245851,069.028.E
245852,069.028.E
245853,069.028.F
245854,069.028.F
245855,069.028.G
245856,069.028.G
246043,069.094.A
246044,069.094.A
246045,069.094.B
246046,069.094.B
246047,069.094.C
246048,069.094.C
246049,069.094.E
246050,069.094.E
246051,069.094.F
246052,069.094.F
246053,069.094.G
246054,069.094.G
247103,083.105.E
247104,083.105.E
247105,083.105.E
247106,083.105.E
247107,083.105.E
247108,083.105.E
247294,083.116.A
247295,083.116.A
247296,083.116.B
247297,083.116.B
247298,083.116.C
247299,083.116.C
247300,083.116.E
247301,083.116.E
247302,083.116.F
247303,083.116.F
247304,083.116.G
247305,083.116.G
247496,083.072.A
247497,083.072.A
247498,083.072.B
247499,083.072.B
247500,083.072.C
247501,083.072.C
247502,083.072.E
247503,083.072.E
247504,083.072.F
247505,083.072.F
247506,083.072.G
247507,083.072.G
248336,097.138.A
248337,097.138.A
248338,097.138.B
248339,097.138.B
248340,097.138.C
248341,097.138.C
248342,097.138.E
248343,097.138.E
248344,097.138.F
248345,097.138.F
248346,097.138.G
248347,097.138.G
248538,097.050.A
248539,097.050.A
248540,097.050.B
248541,097.050.B
248542,097.050.C
248543,097.050.C
248544,097.050.E
248545,097.050.E
248546,097.050.F
248547,097.050.F
248548,097.050.G
248549,097.050.G
